{
	"class_name" : "PinholeCameraParameters",
	"extrinsic" : 
	[
		0.60532613198317065,
		-0.25500104132779911,
		0.75402569111405704,
		0.0,
		-0.79051645094375111,
		-0.081817469761767209,
		0.60695110382062756,
		0.0,
		-0.093080689326997132,
		-0.9634730772385498,
		-0.25110877067695314,
		0.0,
		19.144101710204591,
		3.0865029275191862,
		31.947009655984719,
		1.0
	],
	"intrinsic" : 
	{
		"height" : 1840,
		"intrinsic_matrix" : 
		[
			1593.4867429633675,
			0.0,
			0.0,
			0.0,
			1593.4867429633675,
			0.0,
			1469.5,
			919.5,
			1.0
		],
		"width" : 2940
	},
	"version_major" : 1,
	"version_minor" : 0
}